1.995080471038818359e+00,2.271142154932022095e-01,1.000000000000000000e+00
-9.897356629371643066e-01,4.026485681533813477e-01,0.000000000000000000e+00
-1.118902713060379028e-01,1.040563464164733887e+00,0.000000000000000000e+00
-1.029559075832366943e-01,9.909734725952148438e-01,0.000000000000000000e+00
3.787275254726409912e-01,-2.501967847347259521e-01,1.000000000000000000e+00
-2.169287502765655518e-01,9.399710297584533691e-01,0.000000000000000000e+00
5.557643771171569824e-01,-3.501398563385009766e-01,1.000000000000000000e+00
1.202646717429161072e-01,6.103080883622169495e-02,1.000000000000000000e+00
4.867470264434814453e-01,8.906354308128356934e-01,0.000000000000000000e+00
-9.583995342254638672e-01,1.829189658164978027e-01,0.000000000000000000e+00
6.383540630340576172e-01,-4.087996184825897217e-01,1.000000000000000000e+00
1.312249302864074707e-01,9.666813015937805176e-01,0.000000000000000000e+00
-9.273553490638732910e-01,2.027090042829513550e-01,0.000000000000000000e+00
3.018869161605834961e-01,8.992626667022705078e-01,0.000000000000000000e+00
1.438198208808898926e+00,-4.290266633033752441e-01,1.000000000000000000e+00
-2.866095304489135742e-01,8.845639228820800781e-01,0.000000000000000000e+00
7.680735588073730469e-01,6.352561116218566895e-01,0.000000000000000000e+00
-1.589385718107223511e-01,1.012563705444335938e+00,0.000000000000000000e+00
-7.462630271911621094e-01,6.359108090400695801e-01,0.000000000000000000e+00
9.131936430931091309e-01,-4.948732852935791016e-01,1.000000000000000000e+00
1.893024563789367676e+00,1.137445122003555298e-01,1.000000000000000000e+00
1.750785946846008301e+00,7.533422205597162247e-03,1.000000000000000000e+00
-9.778482317924499512e-01,9.269477427005767822e-02,0.000000000000000000e+00
1.448299407958984375e+00,-3.651007413864135742e-01,1.000000000000000000e+00
8.201188445091247559e-01,-4.504705071449279785e-01,1.000000000000000000e+00
9.040588140487670898e-01,-3.765195310115814209e-01,1.000000000000000000e+00
7.588814496994018555e-01,7.401986718177795410e-01,0.000000000000000000e+00
4.411477446556091309e-01,1.014332294464111328e+00,0.000000000000000000e+00
6.194588541984558105e-01,8.158800601959228516e-01,0.000000000000000000e+00
5.528277754783630371e-01,8.466241359710693359e-01,0.000000000000000000e+00
-8.704962730407714844e-01,6.421184539794921875e-01,0.000000000000000000e+00
9.291918277740478516e-01,5.432224273681640625e-01,0.000000000000000000e+00
8.773275017738342285e-01,5.919600725173950195e-01,0.000000000000000000e+00
1.900906085968017578e+00,6.884624809026718140e-02,1.000000000000000000e+00
-9.914702773094177246e-01,4.177827015519142151e-02,0.000000000000000000e+00
5.592992305755615234e-01,7.816641330718994141e-01,0.000000000000000000e+00
2.005231142044067383e+00,5.160335898399353027e-01,1.000000000000000000e+00
1.011396408081054688e+00,-5.518191456794738770e-01,1.000000000000000000e+00
5.008496642112731934e-01,-2.661609649658203125e-01,1.000000000000000000e+00
4.231989383697509766e-01,-2.876625657081604004e-01,1.000000000000000000e+00
3.773631453514099121e-01,-3.970371782779693604e-01,1.000000000000000000e+00
1.470844507217407227e+00,-3.391802310943603516e-01,1.000000000000000000e+00
-4.575034976005554199e-01,8.618041276931762695e-01,0.000000000000000000e+00
1.590514898300170898e+00,-2.504036426544189453e-01,1.000000000000000000e+00
-4.349828064441680908e-01,7.705942392349243164e-01,0.000000000000000000e+00
1.791776895523071289e+00,-1.364461798220872879e-02,1.000000000000000000e+00
-2.842734456062316895e-01,9.500045180320739746e-01,0.000000000000000000e+00
9.371457099914550781e-01,1.962078213691711426e-01,0.000000000000000000e+00
-3.694252967834472656e-01,9.068915843963623047e-01,0.000000000000000000e+00
-6.905443668365478516e-01,8.531919717788696289e-01,0.000000000000000000e+00
-9.751883149147033691e-02,8.786468505859375000e-01,0.000000000000000000e+00
3.009882271289825439e-01,-1.049068197607994080e-01,1.000000000000000000e+00
-5.424982309341430664e-01,8.512914776802062988e-01,0.000000000000000000e+00
6.435205340385437012e-01,-5.043479800224304199e-01,1.000000000000000000e+00
1.040775418281555176e+00,-4.494169354438781738e-01,1.000000000000000000e+00
3.311066031455993652e-01,-2.144652903079986572e-01,1.000000000000000000e+00
9.500022530555725098e-01,1.223014146089553833e-01,0.000000000000000000e+00
1.883354663848876953e+00,8.635961264371871948e-02,1.000000000000000000e+00
1.234782695770263672e+00,-4.247528910636901855e-01,1.000000000000000000e+00
5.893033742904663086e-01,-3.213759958744049072e-01,1.000000000000000000e+00
-8.773097991943359375e-01,5.362047553062438965e-01,0.000000000000000000e+00
8.070927858352661133e-01,6.817100644111633301e-01,0.000000000000000000e+00
7.786937952041625977e-01,5.551683306694030762e-01,0.000000000000000000e+00
1.318755149841308594e+00,-3.888063132762908936e-01,1.000000000000000000e+00
-8.114041686058044434e-01,4.394927024841308594e-01,0.000000000000000000e+00
8.948591351509094238e-01,3.919299840927124023e-01,0.000000000000000000e+00
4.054773449897766113e-01,-3.409817218780517578e-01,1.000000000000000000e+00
1.955820769071578979e-01,9.823731184005737305e-01,0.000000000000000000e+00
-9.876768589019775391e-01,1.122373249381780624e-02,0.000000000000000000e+00
5.789427161216735840e-01,8.177573680877685547e-01,0.000000000000000000e+00
1.774786353111267090e+00,-2.961415052413940430e-01,1.000000000000000000e+00
-5.350486561655998230e-02,2.846792936325073242e-01,1.000000000000000000e+00
1.463273882865905762e+00,-4.919269680976867676e-01,1.000000000000000000e+00
8.897558450698852539e-01,4.593450427055358887e-01,0.000000000000000000e+00
-5.542135834693908691e-01,8.496420383453369141e-01,0.000000000000000000e+00
6.824673414230346680e-01,8.071206808090209961e-01,0.000000000000000000e+00
-4.514663219451904297e-01,8.577880263328552246e-01,0.000000000000000000e+00
2.095380332320928574e-03,9.669339656829833984e-01,0.000000000000000000e+00
9.527236223220825195e-01,3.330156803131103516e-01,0.000000000000000000e+00
-6.621736884117126465e-01,6.631002426147460938e-01,0.000000000000000000e+00
1.868226230144500732e-01,-2.994973361492156982e-01,1.000000000000000000e+00
1.297384738922119141e+00,-4.736994504928588867e-01,1.000000000000000000e+00
-5.582076907157897949e-01,8.931880593299865723e-01,0.000000000000000000e+00
1.973064899444580078e+00,1.902588903903961182e-01,1.000000000000000000e+00
5.994638800621032715e-01,8.254125118255615234e-01,0.000000000000000000e+00
1.635694742202758789e+00,-2.726238667964935303e-01,1.000000000000000000e+00
5.897374749183654785e-01,7.170502543449401855e-01,0.000000000000000000e+00
5.530920624732971191e-01,-3.847268819808959961e-01,1.000000000000000000e+00
-5.775693655014038086e-01,7.664914727210998535e-01,0.000000000000000000e+00
1.624548077583312988e+00,-1.895166337490081787e-01,1.000000000000000000e+00
7.116809487342834473e-02,5.088865160942077637e-01,1.000000000000000000e+00
1.606146574020385742e+00,-3.199082612991333008e-01,1.000000000000000000e+00
4.857676327228546143e-01,9.365310668945312500e-01,0.000000000000000000e+00
-7.993662357330322266e-01,5.781213641166687012e-01,0.000000000000000000e+00
6.225768923759460449e-01,7.625012397766113281e-01,0.000000000000000000e+00
-2.849832177162170410e-02,2.385485917329788208e-01,1.000000000000000000e+00
-4.810581505298614502e-01,8.942219018936157227e-01,0.000000000000000000e+00
3.151842355728149414e-01,-2.195860743522644043e-01,1.000000000000000000e+00
-2.637836150825023651e-02,4.476626813411712646e-01,1.000000000000000000e+00
-1.015518903732299805e+00,2.360795140266418457e-01,0.000000000000000000e+00
-8.302679657936096191e-02,1.016124129295349121e+00,0.000000000000000000e+00
1.950373053550720215e-01,9.934997558593750000e-01,0.000000000000000000e+00
8.589248061180114746e-01,1.092450320720672607e-01,0.000000000000000000e+00
-9.830827116966247559e-01,7.782114297151565552e-02,0.000000000000000000e+00
-6.439036130905151367e-02,8.666280508041381836e-01,0.000000000000000000e+00
9.278557449579238892e-02,1.346564739942550659e-01,1.000000000000000000e+00
1.026218175888061523e+00,-3.674552217125892639e-02,0.000000000000000000e+00
6.449201703071594238e-01,7.400800585746765137e-01,0.000000000000000000e+00
1.012479543685913086e+00,9.123679995536804199e-02,0.000000000000000000e+00
-3.409851491451263428e-01,8.297071456909179688e-01,0.000000000000000000e+00
1.675627231597900391e+00,-3.019626736640930176e-01,1.000000000000000000e+00
1.357929259538650513e-01,1.457565277814865112e-01,1.000000000000000000e+00
8.960483074188232422e-01,1.256270408630371094e-01,0.000000000000000000e+00
7.231318354606628418e-01,8.047207593917846680e-01,0.000000000000000000e+00
4.408078789710998535e-01,-3.366527259349822998e-01,1.000000000000000000e+00
5.427851080894470215e-01,8.915231823921203613e-01,0.000000000000000000e+00
1.917006611824035645e+00,-4.517604038119316101e-02,1.000000000000000000e+00
1.827943563461303711e+00,-1.164238154888153076e-02,1.000000000000000000e+00
2.447104454040527344e-01,9.174454212188720703e-01,0.000000000000000000e+00
1.879578351974487305e+00,4.951466619968414307e-02,1.000000000000000000e+00
-4.162271022796630859e-01,8.943725824356079102e-01,0.000000000000000000e+00
1.480554103851318359e+00,-3.451990485191345215e-01,1.000000000000000000e+00
-1.106732726097106934e+00,7.267437130212783813e-02,0.000000000000000000e+00
1.950669288635253906e+00,1.280077993869781494e-01,1.000000000000000000e+00
-7.074600458145141602e-01,7.189341187477111816e-01,0.000000000000000000e+00
6.169662475585937500e-01,-4.272278547286987305e-01,1.000000000000000000e+00
5.176112055778503418e-01,9.385110139846801758e-01,0.000000000000000000e+00
9.875820279121398926e-01,1.991506516933441162e-01,0.000000000000000000e+00
5.178329348564147949e-01,-3.686040937900543213e-01,1.000000000000000000e+00
2.045674324035644531e+00,4.905126392841339111e-01,1.000000000000000000e+00
1.088360324501991272e-01,1.735394150018692017e-01,1.000000000000000000e+00
1.609927602112293243e-02,2.647302448749542236e-01,1.000000000000000000e+00
2.317052185535430908e-01,-1.403709799051284790e-01,1.000000000000000000e+00
-3.450175374746322632e-02,3.959870636463165283e-01,1.000000000000000000e+00
-2.137124165892601013e-02,4.061860740184783936e-01,1.000000000000000000e+00
1.047800555825233459e-01,9.115123152732849121e-01,0.000000000000000000e+00
5.946891307830810547e-01,8.490874171257019043e-01,0.000000000000000000e+00
1.396677136421203613e+00,-3.832551538944244385e-01,1.000000000000000000e+00
1.910111188888549805e+00,3.953493833541870117e-01,1.000000000000000000e+00
2.493331432342529297e-01,-1.646351367235183716e-01,1.000000000000000000e+00
1.996452450752258301e+00,1.441551148891448975e-01,1.000000000000000000e+00
3.066461086273193359e-01,-2.162498682737350464e-01,1.000000000000000000e+00
7.905422449111938477e-01,6.585112214088439941e-01,0.000000000000000000e+00
5.514691770076751709e-02,1.437815278768539429e-01,1.000000000000000000e+00
1.503722965717315674e-01,-6.255383789539337158e-02,1.000000000000000000e+00
9.980180263519287109e-01,1.991880089044570923e-01,0.000000000000000000e+00
6.666417717933654785e-01,-3.993537425994873047e-01,1.000000000000000000e+00
2.654396891593933105e-01,1.000342249870300293e+00,0.000000000000000000e+00
-6.404742002487182617e-01,7.076571583747863770e-01,0.000000000000000000e+00
5.421928763389587402e-01,8.163120746612548828e-01,0.000000000000000000e+00
5.289005041122436523e-01,-3.569102883338928223e-01,1.000000000000000000e+00
3.786637214943766594e-03,4.099959433078765869e-01,1.000000000000000000e+00
9.385176002979278564e-03,1.040448307991027832e+00,0.000000000000000000e+00
3.195991367101669312e-02,2.340754419565200806e-01,1.000000000000000000e+00
1.204350471496582031e+00,-5.041389465332031250e-01,1.000000000000000000e+00
1.647414684295654297e+00,-3.442973196506500244e-01,1.000000000000000000e+00
4.161485657095909119e-02,2.097242921590805054e-01,1.000000000000000000e+00
-9.639518857002258301e-01,3.372710049152374268e-01,0.000000000000000000e+00
-5.250140428543090820e-01,7.703485488891601562e-01,0.000000000000000000e+00
1.759586334228515625e+00,-1.488547474145889282e-01,1.000000000000000000e+00
5.012452602386474609e-02,1.497858762741088867e-01,1.000000000000000000e+00
-3.606283366680145264e-01,9.537314176559448242e-01,0.000000000000000000e+00
8.970144391059875488e-01,3.790723383426666260e-01,0.000000000000000000e+00
1.350847035646438599e-01,-1.425702311098575592e-02,1.000000000000000000e+00
1.676753401756286621e+00,-2.317861020565032959e-01,1.000000000000000000e+00
1.797881960868835449e+00,-1.010654643177986145e-01,1.000000000000000000e+00
4.809898138046264648e-01,-3.407501876354217529e-01,1.000000000000000000e+00
3.014867305755615234e-01,8.925344944000244141e-01,0.000000000000000000e+00
2.025400876998901367e+00,3.792434036731719971e-01,1.000000000000000000e+00
1.534681797027587891e+00,-3.099236488342285156e-01,1.000000000000000000e+00
-4.042105674743652344e-01,9.523605704307556152e-01,0.000000000000000000e+00
-9.393126368522644043e-01,5.897545069456100464e-02,0.000000000000000000e+00
9.535901546478271484e-01,2.322056442499160767e-01,0.000000000000000000e+00
1.986733078956604004e+00,4.372545480728149414e-01,1.000000000000000000e+00
2.924872338771820068e-01,-2.069630920886993408e-01,1.000000000000000000e+00
3.855678141117095947e-01,-3.229995071887969971e-01,1.000000000000000000e+00
1.794165372848510742e-01,-7.255868613719940186e-02,1.000000000000000000e+00
9.289773702621459961e-01,-5.100292563438415527e-01,1.000000000000000000e+00
1.420385599136352539e+00,-4.267845451831817627e-01,1.000000000000000000e+00
1.763596653938293457e+00,-1.952396780252456665e-01,1.000000000000000000e+00
3.074913620948791504e-01,9.728541374206542969e-01,0.000000000000000000e+00
1.887965559959411621e+00,-4.110588505864143372e-02,1.000000000000000000e+00
1.959990739822387695e+00,3.846723735332489014e-01,1.000000000000000000e+00
9.600191712379455566e-01,2.164966762065887451e-01,0.000000000000000000e+00
-3.161043524742126465e-01,1.028654217720031738e+00,0.000000000000000000e+00
6.076367944478988647e-02,5.003388524055480957e-01,1.000000000000000000e+00
4.327084422111511230e-01,-4.138349890708923340e-01,1.000000000000000000e+00
-1.229226142168045044e-01,8.710118532180786133e-01,0.000000000000000000e+00
7.906873822212219238e-01,5.736843347549438477e-01,0.000000000000000000e+00
-8.374682664871215820e-01,5.240496397018432617e-01,0.000000000000000000e+00
6.265179514884948730e-01,7.658753395080566406e-01,0.000000000000000000e+00
8.320404291152954102e-01,5.732687711715698242e-01,0.000000000000000000e+00
2.241394817829132080e-01,-1.971201747655868530e-01,1.000000000000000000e+00
5.896368622779846191e-01,8.688609004020690918e-01,0.000000000000000000e+00
9.785599112510681152e-01,2.919937670230865479e-01,0.000000000000000000e+00
2.592820525169372559e-01,-1.638647913932800293e-01,1.000000000000000000e+00
6.630935072898864746e-01,-4.955044984817504883e-01,1.000000000000000000e+00
1.993902444839477539e+00,3.102069795131683350e-01,1.000000000000000000e+00
1.433302760124206543e+00,-4.023712277412414551e-01,1.000000000000000000e+00
1.662584662437438965e+00,-3.079192936420440674e-01,1.000000000000000000e+00
1.915583461523056030e-01,9.283872842788696289e-01,0.000000000000000000e+00
-8.923840522766113281e-01,4.526083469390869141e-01,0.000000000000000000e+00
-9.406773447990417480e-01,3.715828955173492432e-01,0.000000000000000000e+00
8.773888349533081055e-01,4.122105836868286133e-01,0.000000000000000000e+00
2.069498062133789062e+00,4.362608492374420166e-01,1.000000000000000000e+00
1.759519815444946289e+00,-1.147433295845985413e-01,1.000000000000000000e+00
-6.801880002021789551e-01,7.567036151885986328e-01,0.000000000000000000e+00
1.769994378089904785e+00,-3.013175725936889648e-01,1.000000000000000000e+00
1.727600812911987305e+00,-2.516050338745117188e-01,1.000000000000000000e+00
-7.869816422462463379e-01,6.209591627120971680e-01,0.000000000000000000e+00
1.167502254247665405e-01,1.013402462005615234e+00,0.000000000000000000e+00
2.723421752452850342e-01,9.702952504158020020e-01,0.000000000000000000e+00
3.527970314025878906e-01,-2.407186031341552734e-01,1.000000000000000000e+00
-5.839444994926452637e-01,8.407084345817565918e-01,0.000000000000000000e+00
8.604744076728820801e-01,-4.867565631866455078e-01,1.000000000000000000e+00
9.134444594383239746e-01,-5.351697206497192383e-01,1.000000000000000000e+00
1.025445938110351562e+00,-5.405754446983337402e-01,1.000000000000000000e+00
1.541335701942443848e+00,-2.968508899211883545e-01,1.000000000000000000e+00
1.998930454254150391e+00,4.168331325054168701e-01,1.000000000000000000e+00
4.908311963081359863e-01,9.315553307533264160e-01,0.000000000000000000e+00
1.028097391128540039e+00,-4.830330908298492432e-01,1.000000000000000000e+00
4.102863669395446777e-01,8.914539217948913574e-01,0.000000000000000000e+00
-8.186016082763671875e-01,5.596615672111511230e-01,0.000000000000000000e+00
-5.696451663970947266e-01,8.882478475570678711e-01,0.000000000000000000e+00
-9.927469491958618164e-01,2.693533301353454590e-01,0.000000000000000000e+00
3.526166379451751709e-01,9.728034138679504395e-01,0.000000000000000000e+00
8.246730566024780273e-01,3.821727931499481201e-01,0.000000000000000000e+00
1.012193083763122559e+00,2.004930824041366577e-01,0.000000000000000000e+00
-9.175370335578918457e-01,3.497625291347503662e-01,0.000000000000000000e+00
1.782528996467590332e+00,-8.323851227760314941e-02,1.000000000000000000e+00
7.429789900779724121e-01,-4.457193315029144287e-01,1.000000000000000000e+00
-8.840464353561401367e-01,4.994334578514099121e-01,0.000000000000000000e+00
-2.534905672073364258e-01,9.320171475410461426e-01,0.000000000000000000e+00
1.843876838684082031e+00,-1.264903098344802856e-01,1.000000000000000000e+00
8.865935206413269043e-01,4.556048512458801270e-01,0.000000000000000000e+00
3.322007060050964355e-01,-1.903220266103744507e-01,1.000000000000000000e+00
-7.285612225532531738e-01,6.745257377624511719e-01,0.000000000000000000e+00
-8.079995512962341309e-01,5.632723569869995117e-01,0.000000000000000000e+00
-1.063984870910644531e+00,-1.705441623926162720e-02,0.000000000000000000e+00
5.567161440849304199e-01,-4.171691834926605225e-01,1.000000000000000000e+00
9.438415765762329102e-01,2.670293450355529785e-01,0.000000000000000000e+00
1.265958309173583984e+00,-4.108599126338958740e-01,1.000000000000000000e+00
1.928472757339477539e+00,2.767918705940246582e-01,1.000000000000000000e+00
2.372728474438190460e-02,5.233938694000244141e-01,1.000000000000000000e+00
1.997897863388061523e+00,1.815324127674102783e-01,1.000000000000000000e+00
1.417333245277404785e+00,-4.964919686317443848e-01,1.000000000000000000e+00
7.830248475074768066e-01,-5.130444169044494629e-01,1.000000000000000000e+00
9.338007308542728424e-03,9.320862889289855957e-01,0.000000000000000000e+00
7.677816599607467651e-02,1.049741029739379883e+00,0.000000000000000000e+00
4.763007164001464844e-01,-4.013991355895996094e-01,1.000000000000000000e+00
-8.232596516609191895e-01,5.798832774162292480e-01,0.000000000000000000e+00
5.643656104803085327e-02,4.145851731300354004e-01,1.000000000000000000e+00
7.927304506301879883e-01,5.973529815673828125e-01,0.000000000000000000e+00
3.317739963531494141e-01,-2.869983017444610596e-01,1.000000000000000000e+00
8.900332450866699219e-01,4.418462812900543213e-01,0.000000000000000000e+00
1.650357604026794434e+00,-2.876586019992828369e-01,1.000000000000000000e+00
2.320575416088104248e-01,9.511044621467590332e-01,0.000000000000000000e+00
-7.812515497207641602e-01,4.595313668251037598e-01,0.000000000000000000e+00
9.463166594505310059e-01,-5.114164352416992188e-01,1.000000000000000000e+00
1.211264014244079590e+00,-4.700448513031005859e-01,1.000000000000000000e+00
-2.236959934234619141e-01,9.173953533172607422e-01,0.000000000000000000e+00
1.340577483177185059e+00,-4.249430596828460693e-01,1.000000000000000000e+00
-1.379107008688151836e-03,6.431262195110321045e-02,1.000000000000000000e+00
1.579631119966506958e-01,8.026062697172164917e-02,1.000000000000000000e+00
3.605756163597106934e-01,9.155443906784057617e-01,0.000000000000000000e+00
3.396973609924316406e-01,-2.841725647449493408e-01,1.000000000000000000e+00
9.101974964141845703e-01,5.213481187820434570e-01,0.000000000000000000e+00
1.510187864303588867e+00,-3.281413912773132324e-01,1.000000000000000000e+00
4.697393625974655151e-02,1.429532170295715332e-01,1.000000000000000000e+00
5.310418605804443359e-01,-3.292858898639678955e-01,1.000000000000000000e+00
5.938183143734931946e-02,4.127985537052154541e-01,1.000000000000000000e+00
9.060345590114593506e-02,4.404600858688354492e-01,1.000000000000000000e+00
6.372793018817901611e-02,2.670712023973464966e-02,1.000000000000000000e+00
-5.502716302871704102e-01,9.109017848968505859e-01,0.000000000000000000e+00
7.907735705375671387e-01,-3.815625905990600586e-01,1.000000000000000000e+00
2.272715270519256592e-01,9.973794221878051758e-01,0.000000000000000000e+00
9.870436191558837891e-01,1.717890799045562744e-01,0.000000000000000000e+00
1.026901137083768845e-02,9.915220737457275391e-01,0.000000000000000000e+00
1.939131140708923340e+00,2.832298576831817627e-01,1.000000000000000000e+00
1.038125991821289062e+00,-4.837497472763061523e-01,1.000000000000000000e+00
-2.742912173271179199e-01,9.593960046768188477e-01,0.000000000000000000e+00
1.225999355316162109e+00,-4.319299161434173584e-01,1.000000000000000000e+00
8.741860985755920410e-01,5.078104138374328613e-01,0.000000000000000000e+00
-8.049598336219787598e-01,6.722924113273620605e-01,0.000000000000000000e+00
-2.509521543979644775e-01,9.509819149971008301e-01,0.000000000000000000e+00
2.114573717117309570e+00,3.694522678852081299e-01,1.000000000000000000e+00
-3.879217505455017090e-01,9.626317620277404785e-01,0.000000000000000000e+00
7.068006992340087891e-01,7.078223228454589844e-01,0.000000000000000000e+00
6.533698439598083496e-01,-3.854601681232452393e-01,1.000000000000000000e+00
-8.761551380157470703e-01,5.686159729957580566e-01,0.000000000000000000e+00
9.740132689476013184e-01,4.418917298316955566e-01,0.000000000000000000e+00
1.536663919687271118e-01,-9.434073418378829956e-02,1.000000000000000000e+00
-8.384114503860473633e-02,9.531165361404418945e-01,0.000000000000000000e+00
8.193499445915222168e-01,-5.655198097229003906e-01,1.000000000000000000e+00
8.439791202545166016e-01,4.772883355617523193e-01,0.000000000000000000e+00
1.337871789932250977e+00,-4.659399986267089844e-01,1.000000000000000000e+00
5.507085844874382019e-02,2.337597459554672241e-01,1.000000000000000000e+00
6.582395434379577637e-01,-3.503292202949523926e-01,1.000000000000000000e+00
4.225634038448333740e-01,-3.273782432079315186e-01,1.000000000000000000e+00
-6.750230789184570312e-01,7.325257658958435059e-01,0.000000000000000000e+00
5.339136719703674316e-01,-3.260907828807830811e-01,1.000000000000000000e+00
1.498245913535356522e-02,1.008893489837646484e+00,0.000000000000000000e+00
8.617756962776184082e-01,3.909265398979187012e-01,0.000000000000000000e+00
1.109592437744140625e+00,-5.742754936218261719e-01,1.000000000000000000e+00
1.985321998596191406e+00,6.235966086387634277e-02,1.000000000000000000e+00
-9.750360250473022461e-01,1.379387527704238892e-01,0.000000000000000000e+00
1.357207775115966797e+00,-4.104902744293212891e-01,1.000000000000000000e+00
7.884409278631210327e-02,9.456267356872558594e-01,0.000000000000000000e+00
-9.616901278495788574e-01,1.597367525100708008e-01,0.000000000000000000e+00
1.757364034652709961e+00,-2.414048761129379272e-01,1.000000000000000000e+00
1.906914234161376953e+00,-6.137930974364280701e-02,1.000000000000000000e+00
8.744883537292480469e-01,-5.292664170265197754e-01,1.000000000000000000e+00
-4.242503046989440918e-01,9.363076686859130859e-01,0.000000000000000000e+00
1.729263663291931152e+00,-8.800079673528671265e-02,1.000000000000000000e+00
1.232577919960021973e+00,-4.658511579036712646e-01,1.000000000000000000e+00
-9.868377447128295898e-01,4.100183546543121338e-01,0.000000000000000000e+00
1.975147008895874023e+00,3.451687395572662354e-01,1.000000000000000000e+00
5.861423611640930176e-01,-3.952278792858123779e-01,1.000000000000000000e+00
7.729843854904174805e-01,5.693084597587585449e-01,0.000000000000000000e+00
-6.441953778266906738e-01,7.255288362503051758e-01,0.000000000000000000e+00
-3.583553135395050049e-01,9.539462924003601074e-01,0.000000000000000000e+00
6.148815155029296875e-01,-4.616613388061523438e-01,1.000000000000000000e+00
-2.915176749229431152e-01,9.333161115646362305e-01,0.000000000000000000e+00
-9.696961045265197754e-01,9.944945573806762695e-02,0.000000000000000000e+00
-6.268511414527893066e-01,7.213348746299743652e-01,0.000000000000000000e+00
-1.013957977294921875e+00,1.371743232011795044e-01,0.000000000000000000e+00
1.652883887290954590e-01,9.008222818374633789e-01,0.000000000000000000e+00
8.669839054346084595e-02,1.791693121194839478e-01,1.000000000000000000e+00
1.912228584289550781e+00,2.218307703733444214e-01,1.000000000000000000e+00
1.468316763639450073e-01,1.005914330482482910e+00,0.000000000000000000e+00
1.015793204307556152e+00,3.571915030479431152e-01,0.000000000000000000e+00
9.287171959877014160e-01,3.879432976245880127e-01,0.000000000000000000e+00
1.585400462150573730e+00,-4.060725569725036621e-01,1.000000000000000000e+00
2.498992234468460083e-01,9.932291507720947266e-01,0.000000000000000000e+00
1.363888263702392578e+00,-3.099985420703887939e-01,1.000000000000000000e+00
-1.056874617934226990e-01,1.073909163475036621e+00,0.000000000000000000e+00
-9.225781559944152832e-01,4.557666778564453125e-01,0.000000000000000000e+00
-2.343952655792236328e-01,9.818751215934753418e-01,0.000000000000000000e+00
1.428720541298389435e-02,1.034794092178344727e+00,0.000000000000000000e+00
3.912441134452819824e-01,-2.498660534620285034e-01,1.000000000000000000e+00
1.972904205322265625e+00,2.027970403432846069e-01,1.000000000000000000e+00
7.270091772079467773e-01,6.988473534584045410e-01,0.000000000000000000e+00
1.471430361270904541e-01,1.049691081047058105e+00,0.000000000000000000e+00
-3.867864906787872314e-01,8.235014081001281738e-01,0.000000000000000000e+00
1.968585610389709473e+00,3.998205959796905518e-01,1.000000000000000000e+00
1.498765230178833008e+00,-3.585847914218902588e-01,1.000000000000000000e+00
-5.003137588500976562e-01,8.629537224769592285e-01,0.000000000000000000e+00
5.483770743012428284e-02,2.505941092967987061e-01,1.000000000000000000e+00
1.463250756263732910e+00,-3.592554628849029541e-01,1.000000000000000000e+00
1.540789455175399780e-01,-9.557523578405380249e-02,1.000000000000000000e+00
4.650983214378356934e-01,9.692826867103576660e-01,0.000000000000000000e+00
8.561387062072753906e-01,4.896726906299591064e-01,0.000000000000000000e+00
9.033409953117370605e-01,-4.054809212684631348e-01,1.000000000000000000e+00
9.641404747962951660e-01,7.038051635026931763e-02,0.000000000000000000e+00
5.297805666923522949e-01,-3.324600458145141602e-01,1.000000000000000000e+00
7.229282259941101074e-01,6.178248524665832520e-01,0.000000000000000000e+00
1.709239006042480469e+00,-3.554817140102386475e-01,1.000000000000000000e+00
3.049130141735076904e-01,-2.619233429431915283e-01,1.000000000000000000e+00
1.933189749717712402e+00,-7.086860388517379761e-02,1.000000000000000000e+00
1.981051206588745117e+00,1.366002410650253296e-01,1.000000000000000000e+00
-9.016869664192199707e-01,6.250913143157958984e-01,0.000000000000000000e+00
7.941940426826477051e-01,6.077716946601867676e-01,0.000000000000000000e+00
9.324771761894226074e-01,-5.498257651925086975e-02,0.000000000000000000e+00
1.761927485466003418e+00,-9.794507920742034912e-02,1.000000000000000000e+00
-1.456129699945449829e-01,1.020642518997192383e+00,0.000000000000000000e+00
3.621209263801574707e-01,-2.754033803939819336e-01,1.000000000000000000e+00
9.401730298995971680e-01,3.389677703380584717e-01,0.000000000000000000e+00
1.155756235122680664e+00,-4.849424064159393311e-01,1.000000000000000000e+00
-8.981885910034179688e-01,4.674170017242431641e-01,0.000000000000000000e+00
-4.396080672740936279e-01,8.652922511100769043e-01,0.000000000000000000e+00
-4.179179072380065918e-01,8.815550804138183594e-01,0.000000000000000000e+00
2.649175934493541718e-02,1.060801267623901367e+00,0.000000000000000000e+00
2.007399320602416992e+00,1.773141175508499146e-01,1.000000000000000000e+00
3.927763551473617554e-02,6.597151607275009155e-02,1.000000000000000000e+00
8.940941691398620605e-01,5.072156786918640137e-01,0.000000000000000000e+00
9.235398769378662109e-01,5.783206820487976074e-01,0.000000000000000000e+00
8.798867464065551758e-01,-4.028902053833007812e-01,1.000000000000000000e+00
-9.286625981330871582e-01,6.096430420875549316e-01,0.000000000000000000e+00
1.974565386772155762e+00,4.288567006587982178e-01,1.000000000000000000e+00
-7.849683053791522980e-03,4.311452209949493408e-01,1.000000000000000000e+00
8.868659734725952148e-01,4.302512407302856445e-01,0.000000000000000000e+00
-4.154677093029022217e-01,9.342365860939025879e-01,0.000000000000000000e+00
9.493236541748046875e-01,2.298046052455902100e-01,0.000000000000000000e+00
-1.131793931126594543e-01,4.217118918895721436e-01,1.000000000000000000e+00
1.158385165035724640e-02,2.681596875190734863e-01,1.000000000000000000e+00
-6.267995238304138184e-01,9.517796039581298828e-01,0.000000000000000000e+00
9.064509868621826172e-01,4.532358050346374512e-01,0.000000000000000000e+00
1.838443636894226074e+00,-4.600111022591590881e-02,1.000000000000000000e+00
1.826468944549560547e+00,-5.647376924753189087e-02,1.000000000000000000e+00
-6.540610790252685547e-01,7.598724365234375000e-01,0.000000000000000000e+00
7.683645486831665039e-01,7.226740121841430664e-01,0.000000000000000000e+00
-8.163346052169799805e-01,5.696317553520202637e-01,0.000000000000000000e+00
8.525269031524658203e-01,5.447934269905090332e-01,0.000000000000000000e+00
1.982309818267822266e+00,4.299160540103912354e-01,1.000000000000000000e+00
-1.026662468910217285e+00,-2.041432820260524750e-02,0.000000000000000000e+00
1.961243391036987305e+00,1.970863491296768188e-01,1.000000000000000000e+00
-9.894431829452514648e-01,3.244471251964569092e-01,0.000000000000000000e+00
-3.956353366374969482e-01,9.083481431007385254e-01,0.000000000000000000e+00
2.005786180496215820e+00,2.517367303371429443e-01,1.000000000000000000e+00
1.820028901100158691e+00,2.912799082696437836e-02,1.000000000000000000e+00
1.789588093757629395e+00,-1.623196750879287720e-01,1.000000000000000000e+00
-9.752932786941528320e-01,3.856379389762878418e-01,0.000000000000000000e+00
-3.534909188747406006e-01,9.490554332733154297e-01,0.000000000000000000e+00
-5.041796565055847168e-01,9.107940793037414551e-01,0.000000000000000000e+00
2.007418394088745117e+00,3.305021822452545166e-01,1.000000000000000000e+00
-8.952862583100795746e-03,1.008121609687805176e+00,0.000000000000000000e+00
1.887400150299072266e+00,1.755170524120330811e-01,1.000000000000000000e+00
-8.715115785598754883e-01,4.403519928455352783e-01,0.000000000000000000e+00
1.979253768920898438e+00,2.542792260646820068e-01,1.000000000000000000e+00
3.832756280899047852e-01,9.888299703598022461e-01,0.000000000000000000e+00
-9.390555024147033691e-01,-4.060102626681327820e-02,0.000000000000000000e+00
-8.773185014724731445e-01,4.396665990352630615e-01,0.000000000000000000e+00
-9.896565079689025879e-01,4.652055911719799042e-03,0.000000000000000000e+00
-6.258617043495178223e-01,7.796025872230529785e-01,0.000000000000000000e+00
-1.831499785184860229e-01,1.013232946395874023e+00,0.000000000000000000e+00
1.022496223449707031e+00,1.334762871265411377e-01,0.000000000000000000e+00
4.218178987503051758e-01,-3.220127522945404053e-01,1.000000000000000000e+00
3.627637624740600586e-01,1.023843646049499512e+00,0.000000000000000000e+00
-6.917321681976318359e-01,6.406910419464111328e-01,0.000000000000000000e+00
-1.187203750014305115e-01,9.559097290039062500e-01,0.000000000000000000e+00
-9.135174155235290527e-01,1.195583194494247437e-01,0.000000000000000000e+00
7.196622490882873535e-01,-4.934052228927612305e-01,1.000000000000000000e+00
1.166347980499267578e+00,-4.606085419654846191e-01,1.000000000000000000e+00
-1.026560068130493164e+00,1.503308564424514771e-01,0.000000000000000000e+00
-2.028022557497024536e-01,1.022775769233703613e+00,0.000000000000000000e+00
-5.966008454561233521e-02,2.117040902376174927e-01,1.000000000000000000e+00
-8.659918308258056641e-01,3.279031813144683838e-01,0.000000000000000000e+00
3.027558028697967529e-01,8.647710680961608887e-01,0.000000000000000000e+00
1.557395696640014648e+00,-3.136291503906250000e-01,1.000000000000000000e+00
1.097718954086303711e+00,-5.445274710655212402e-01,1.000000000000000000e+00
6.661308407783508301e-01,-3.890866041183471680e-01,1.000000000000000000e+00
2.902005016803741455e-01,-1.757865995168685913e-01,1.000000000000000000e+00
-2.746711075305938721e-01,9.710435271263122559e-01,0.000000000000000000e+00
1.840392798185348511e-01,-1.181585490703582764e-01,1.000000000000000000e+00
1.424214005470275879e+00,-4.272886216640472412e-01,1.000000000000000000e+00
1.049364805221557617e+00,4.375671222805976868e-02,0.000000000000000000e+00
7.871769070625305176e-01,6.353374123573303223e-01,0.000000000000000000e+00
1.244723439216613770e+00,-5.300059318542480469e-01,1.000000000000000000e+00
-6.509019136428833008e-01,7.238574028015136719e-01,0.000000000000000000e+00
1.157368123531341553e-01,1.060167551040649414e-01,1.000000000000000000e+00
5.378544330596923828e-01,8.877069354057312012e-01,0.000000000000000000e+00
4.523804411292076111e-02,3.093597590923309326e-01,1.000000000000000000e+00
2.257179170846939087e-01,2.497704699635505676e-02,1.000000000000000000e+00
9.565548896789550781e-01,1.483254581689834595e-01,0.000000000000000000e+00
1.027708649635314941e+00,6.774538755416870117e-02,0.000000000000000000e+00
-9.357907176017761230e-01,2.782880365848541260e-01,0.000000000000000000e+00
-9.634774923324584961e-01,1.661899089813232422e-01,0.000000000000000000e+00
9.522384405136108398e-01,1.487938016653060913e-01,0.000000000000000000e+00
1.778168559074401855e+00,-7.831611484289169312e-02,1.000000000000000000e+00
7.700508236885070801e-01,-4.864988029003143311e-01,1.000000000000000000e+00
2.220492362976074219e-01,1.005376338958740234e+00,0.000000000000000000e+00
6.408239603042602539e-01,7.949501872062683105e-01,0.000000000000000000e+00
-8.307228684425354004e-01,5.688352584838867188e-01,0.000000000000000000e+00
1.870177507400512695e+00,-5.478914827108383179e-02,1.000000000000000000e+00
-1.136166751384735107e-01,9.627746343612670898e-01,0.000000000000000000e+00
-8.084897398948669434e-01,5.552874803543090820e-01,0.000000000000000000e+00
2.685472667217254639e-01,-1.693422943353652954e-01,1.000000000000000000e+00
4.268845617771148682e-01,8.720473647117614746e-01,0.000000000000000000e+00
4.748488366603851318e-01,-3.630095720291137695e-01,1.000000000000000000e+00
6.461149454116821289e-01,-4.295685589313507080e-01,1.000000000000000000e+00
1.948417663574218750e+00,3.701702356338500977e-01,1.000000000000000000e+00
1.900337219238281250e+00,3.175533413887023926e-01,1.000000000000000000e+00
7.441404461860656738e-01,-4.638932645320892334e-01,1.000000000000000000e+00
8.004379272460937500e-02,3.769634962081909180e-01,1.000000000000000000e+00
1.392012238502502441e+00,-3.483587801456451416e-01,1.000000000000000000e+00
1.345055829733610153e-02,2.042659521102905273e-01,1.000000000000000000e+00
-7.440347690135240555e-03,1.044730424880981445e+00,0.000000000000000000e+00
-1.053278520703315735e-02,9.232037663459777832e-01,0.000000000000000000e+00
7.730504274368286133e-01,-4.720015823841094971e-01,1.000000000000000000e+00
-1.006452441215515137e+00,3.246979415416717529e-01,0.000000000000000000e+00
3.259965181350708008e-01,-2.281699180603027344e-01,1.000000000000000000e+00
-2.130668982863426208e-02,2.766640484333038330e-01,1.000000000000000000e+00
2.991117238998413086e-01,-2.163010686635971069e-01,1.000000000000000000e+00
1.185736894607543945e+00,-4.611575901508331299e-01,1.000000000000000000e+00
-2.355871647596359253e-01,9.677030444145202637e-01,0.000000000000000000e+00
1.721944957971572876e-01,-6.381550431251525879e-02,1.000000000000000000e+00
6.625958681106567383e-01,8.855053186416625977e-01,0.000000000000000000e+00
-5.931332707405090332e-04,3.053079247474670410e-01,1.000000000000000000e+00
1.922833085060119629e+00,3.910040557384490967e-01,1.000000000000000000e+00
1.891513943672180176e+00,-2.601050212979316711e-02,1.000000000000000000e+00
4.324722588062286377e-01,8.174046277999877930e-01,0.000000000000000000e+00
7.386135458946228027e-01,6.777489185333251953e-01,0.000000000000000000e+00
-3.167264908552169800e-02,9.947813153266906738e-01,0.000000000000000000e+00
1.620140790939331055e+00,-2.875885665416717529e-01,1.000000000000000000e+00
5.413296222686767578e-01,8.712548613548278809e-01,0.000000000000000000e+00
6.064472794532775879e-01,-4.212323129177093506e-01,1.000000000000000000e+00
-7.839391231536865234e-01,5.443117022514343262e-01,0.000000000000000000e+00
1.513493895530700684e+00,-2.546402513980865479e-01,1.000000000000000000e+00
1.781507492065429688e+00,-6.083111464977264404e-02,1.000000000000000000e+00
-8.818228244781494141e-01,5.223149657249450684e-01,0.000000000000000000e+00
1.832080721855163574e+00,-3.767734393477439880e-03,1.000000000000000000e+00
6.773020625114440918e-01,6.022763848304748535e-01,0.000000000000000000e+00
4.969454705715179443e-01,8.183366656303405762e-01,0.000000000000000000e+00
1.835306882858276367e+00,8.395525813102722168e-02,1.000000000000000000e+00
7.972595095634460449e-01,-4.681693017482757568e-01,1.000000000000000000e+00
8.516985774040222168e-01,5.038333535194396973e-01,0.000000000000000000e+00
4.974302351474761963e-01,8.881890773773193359e-01,0.000000000000000000e+00
-9.460060596466064453e-01,5.098904967308044434e-01,0.000000000000000000e+00
1.332332015037536621e+00,-4.313893318176269531e-01,1.000000000000000000e+00
3.433614671230316162e-01,-3.186919391155242920e-01,1.000000000000000000e+00
-9.361537098884582520e-01,1.015962362289428711e-01,0.000000000000000000e+00
-7.016505002975463867e-01,6.407765150070190430e-01,0.000000000000000000e+00
-5.137772560119628906e-01,9.180461764335632324e-01,0.000000000000000000e+00
7.316902279853820801e-01,6.912719607353210449e-01,0.000000000000000000e+00
1.222687482833862305e+00,-3.938404619693756104e-01,1.000000000000000000e+00
4.788801372051239014e-01,8.811995387077331543e-01,0.000000000000000000e+00
1.594989001750946045e-02,9.407220482826232910e-01,0.000000000000000000e+00
1.346952557563781738e+00,-4.367382228374481201e-01,1.000000000000000000e+00
1.884856462478637695e+00,1.631021648645401001e-01,1.000000000000000000e+00
-5.711594223976135254e-01,8.495053052902221680e-01,0.000000000000000000e+00
-8.745200037956237793e-01,6.125423312187194824e-01,0.000000000000000000e+00
1.748541116714477539e+00,1.647781208157539368e-02,1.000000000000000000e+00
8.126292228698730469e-01,5.718519091606140137e-01,0.000000000000000000e+00
2.007510423660278320e+00,3.353613317012786865e-01,1.000000000000000000e+00
-1.348371244966983795e-02,4.822939336299896240e-01,1.000000000000000000e+00
-5.980777740478515625e-01,7.611171603202819824e-01,0.000000000000000000e+00
-1.363155245780944824e-01,1.022867441177368164e+00,0.000000000000000000e+00
3.699024319648742676e-01,9.333919286727905273e-01,0.000000000000000000e+00
2.876965999603271484e-01,-3.272397443652153015e-02,1.000000000000000000e+00
-2.755175828933715820e-01,9.840977191925048828e-01,0.000000000000000000e+00
-3.253814578056335449e-02,4.372884631156921387e-01,1.000000000000000000e+00
2.227686345577239990e-01,9.326054453849792480e-01,0.000000000000000000e+00
1.240353062748908997e-01,-1.533052176237106323e-01,1.000000000000000000e+00
1.263002753257751465e+00,-4.860391616821289062e-01,1.000000000000000000e+00
-9.397472143173217773e-01,2.503431439399719238e-01,0.000000000000000000e+00
1.048996806144714355e+00,1.346918493509292603e-01,0.000000000000000000e+00
7.489487528800964355e-01,-4.293870329856872559e-01,1.000000000000000000e+00
-4.780510906130075455e-03,3.457717895507812500e-01,1.000000000000000000e+00
6.989590525627136230e-01,-4.055826365947723389e-01,1.000000000000000000e+00
1.706770062446594238e+00,-2.404927462339401245e-01,1.000000000000000000e+00
-9.887667298316955566e-01,3.922355771064758301e-01,0.000000000000000000e+00
7.494549751281738281e-01,-4.231698811054229736e-01,1.000000000000000000e+00
1.146795988082885742e+00,-4.650921523571014404e-01,1.000000000000000000e+00
5.874122977256774902e-01,-3.963442742824554443e-01,1.000000000000000000e+00
8.983474373817443848e-01,-4.993570744991302490e-01,1.000000000000000000e+00
1.128584265708923340e+00,-4.857045412063598633e-01,1.000000000000000000e+00
9.438735246658325195e-01,3.443034291267395020e-01,0.000000000000000000e+00
1.245134234428405762e+00,-4.206072688102722168e-01,1.000000000000000000e+00
2.006197929382324219e+00,1.933462023735046387e-01,1.000000000000000000e+00
2.849812991917133331e-02,2.482087165117263794e-01,1.000000000000000000e+00
-7.431148290634155273e-01,7.397758364677429199e-01,0.000000000000000000e+00
1.184543728828430176e+00,-4.960258305072784424e-01,1.000000000000000000e+00
1.469933986663818359e+00,-3.418352901935577393e-01,1.000000000000000000e+00
1.582506299018859863e-01,7.143306732177734375e-02,1.000000000000000000e+00
8.617890477180480957e-01,-4.671916365623474121e-01,1.000000000000000000e+00
8.429802209138870239e-02,9.763388037681579590e-01,0.000000000000000000e+00
9.445673227310180664e-01,-7.676642388105392456e-02,0.000000000000000000e+00
1.058077812194824219e+00,-4.505672454833984375e-01,1.000000000000000000e+00
6.269646286964416504e-01,-4.556865990161895752e-01,1.000000000000000000e+00
8.801998496055603027e-01,5.024329423904418945e-01,0.000000000000000000e+00
9.502141475677490234e-01,6.709165126085281372e-02,0.000000000000000000e+00
1.530458092689514160e+00,-3.965605199337005615e-01,1.000000000000000000e+00
7.396237254142761230e-01,6.551194190979003906e-01,0.000000000000000000e+00
-1.444135606288909912e-01,5.146634578704833984e-01,1.000000000000000000e+00
-7.179263234138488770e-01,6.581196784973144531e-01,0.000000000000000000e+00
9.831396341323852539e-01,-5.006563663482666016e-01,1.000000000000000000e+00
-7.474011182785034180e-01,7.000376582145690918e-01,0.000000000000000000e+00
1.050688326358795166e-01,8.462689816951751709e-02,1.000000000000000000e+00
7.680084556341171265e-02,4.549620300531387329e-02,1.000000000000000000e+00
-9.590874910354614258e-01,3.594779968261718750e-01,0.000000000000000000e+00
1.907974720001220703e+00,4.691799581050872803e-01,1.000000000000000000e+00
9.674490988254547119e-02,3.935233131051063538e-02,1.000000000000000000e+00
-1.003483414649963379e+00,1.789454966783523560e-01,0.000000000000000000e+00
-8.943943381309509277e-01,1.945251822471618652e-01,0.000000000000000000e+00
7.624104619026184082e-01,6.944938898086547852e-01,0.000000000000000000e+00
1.433055400848388672e-01,-3.915308788418769836e-02,1.000000000000000000e+00
4.412922859191894531e-01,9.445576071739196777e-01,0.000000000000000000e+00
4.875423312187194824e-01,-2.681105434894561768e-01,1.000000000000000000e+00
6.041502952575683594e-01,-4.231014847755432129e-01,1.000000000000000000e+00
1.294897943735122681e-01,1.542936116456985474e-01,1.000000000000000000e+00
1.479688137769699097e-01,9.967525005340576172e-01,0.000000000000000000e+00
5.931230783462524414e-01,8.589966893196105957e-01,0.000000000000000000e+00
-6.081652045249938965e-01,7.909478545188903809e-01,0.000000000000000000e+00
7.203613519668579102e-01,-4.964899718761444092e-01,1.000000000000000000e+00
-1.100656241178512573e-01,3.771905601024627686e-01,1.000000000000000000e+00
-9.583889842033386230e-01,2.414966523647308350e-01,0.000000000000000000e+00
1.957348823547363281e+00,1.399030983448028564e-01,1.000000000000000000e+00
-3.975211679935455322e-01,8.255152702331542969e-01,0.000000000000000000e+00
1.940165877342224121e+00,-1.413078280165791512e-03,1.000000000000000000e+00
9.917627274990081787e-02,9.802163243293762207e-01,0.000000000000000000e+00
2.008509874343872070e+00,4.611732065677642822e-01,1.000000000000000000e+00
-2.102762758731842041e-01,1.031648397445678711e+00,0.000000000000000000e+00
1.142057999968528748e-01,1.013196825981140137e+00,0.000000000000000000e+00
-1.050668478012084961e+00,1.141756772994995117e-01,0.000000000000000000e+00
2.100474089384078979e-01,9.855020046234130859e-01,0.000000000000000000e+00
1.806782364845275879e+00,-1.570953577756881714e-01,1.000000000000000000e+00
4.788201749324798584e-01,8.908023238182067871e-01,0.000000000000000000e+00
1.648691534996032715e+00,-2.610286772251129150e-01,1.000000000000000000e+00
1.965446591377258301e+00,5.047610029578208923e-02,1.000000000000000000e+00
1.784894227981567383e+00,-6.659107655286788940e-02,1.000000000000000000e+00
1.921188592910766602e+00,2.123016119003295898e-01,1.000000000000000000e+00
1.919270396232604980e+00,2.195221185684204102e-01,1.000000000000000000e+00
-5.222400426864624023e-01,8.393728733062744141e-01,0.000000000000000000e+00
-5.773530006408691406e-01,9.301751255989074707e-01,0.000000000000000000e+00
3.774215281009674072e-02,1.524445265531539917e-01,1.000000000000000000e+00
1.074679613113403320e+00,2.848873138427734375e-01,0.000000000000000000e+00
1.037439465522766113e+00,2.061980664730072021e-01,0.000000000000000000e+00
1.314482092857360840e+00,-4.710891842842102051e-01,1.000000000000000000e+00
-9.234076142311096191e-01,1.010531783103942871e-01,0.000000000000000000e+00
1.427300125360488892e-01,4.188902303576469421e-02,1.000000000000000000e+00
-6.572881937026977539e-01,7.303786873817443848e-01,0.000000000000000000e+00
5.580310225486755371e-01,-4.971146881580352783e-01,1.000000000000000000e+00
-9.236452579498291016e-01,1.254958361387252808e-01,0.000000000000000000e+00
2.946188449859619141e-01,-1.784700006246566772e-01,1.000000000000000000e+00
2.852940559387207031e-02,2.696835696697235107e-01,1.000000000000000000e+00
5.052584782242774963e-02,4.556311368942260742e-01,1.000000000000000000e+00
-8.474330306053161621e-01,5.622571706771850586e-01,0.000000000000000000e+00
1.783890724182128906e+00,-2.154386937618255615e-01,1.000000000000000000e+00
-8.907767534255981445e-01,5.057299137115478516e-01,0.000000000000000000e+00
3.276079297065734863e-01,1.080074071884155273e+00,0.000000000000000000e+00
3.289158344268798828e-01,9.257037639617919922e-01,0.000000000000000000e+00
-6.642463207244873047e-01,7.218877673149108887e-01,0.000000000000000000e+00
2.074227333068847656e+00,2.749739587306976318e-01,1.000000000000000000e+00
1.081517577171325684e+00,-4.979586005210876465e-01,1.000000000000000000e+00
1.279330253601074219e-01,1.045099973678588867e+00,0.000000000000000000e+00
-7.628793120384216309e-01,5.323517322540283203e-01,0.000000000000000000e+00
-9.751503467559814453e-01,1.169229149818420410e-01,0.000000000000000000e+00
1.101374506950378418e+00,-4.940854609012603760e-01,1.000000000000000000e+00
-9.031859040260314941e-01,2.678297162055969238e-01,0.000000000000000000e+00
9.286580085754394531e-01,-4.811806380748748779e-01,1.000000000000000000e+00
9.747088551521301270e-01,2.946595661342144012e-02,0.000000000000000000e+00
8.510566949844360352e-01,-4.925726652145385742e-01,1.000000000000000000e+00
-6.116207838058471680e-01,8.563632965087890625e-01,0.000000000000000000e+00
9.555708169937133789e-01,-5.635488629341125488e-01,1.000000000000000000e+00
9.348459839820861816e-01,4.028802216053009033e-01,0.000000000000000000e+00
9.263216257095336914e-01,2.930469214916229248e-01,0.000000000000000000e+00
1.762308955192565918e+00,-2.402889281511306763e-01,1.000000000000000000e+00
4.557161629199981689e-01,8.593094348907470703e-01,0.000000000000000000e+00
6.511474847793579102e-01,-4.791468679904937744e-01,1.000000000000000000e+00
1.795184016227722168e+00,-5.991679802536964417e-02,1.000000000000000000e+00
-9.884967207908630371e-01,3.407583832740783691e-01,0.000000000000000000e+00
-7.213532924652099609e-01,7.367757558822631836e-01,0.000000000000000000e+00
-1.796529814600944519e-02,3.138372898101806641e-01,1.000000000000000000e+00
1.939034322276711464e-03,9.714447855949401855e-01,0.000000000000000000e+00
-8.419255614280700684e-01,5.305869579315185547e-01,0.000000000000000000e+00
1.536344885826110840e+00,-3.169110715389251709e-01,1.000000000000000000e+00
1.049060940742492676e+00,2.062958776950836182e-01,0.000000000000000000e+00
1.802987456321716309e+00,-1.117260307073593140e-01,1.000000000000000000e+00
1.165034294128417969e+00,-5.538646578788757324e-01,1.000000000000000000e+00
3.170297443866729736e-01,-2.500306069850921631e-01,1.000000000000000000e+00
4.112200438976287842e-02,4.149314463138580322e-01,1.000000000000000000e+00
-7.392160892486572266e-01,5.838572978973388672e-01,0.000000000000000000e+00
9.356591701507568359e-01,7.092961575835943222e-03,0.000000000000000000e+00
8.461658358573913574e-01,3.463938534259796143e-01,0.000000000000000000e+00
8.470478057861328125e-01,4.181768000125885010e-01,0.000000000000000000e+00
3.984766900539398193e-01,8.781521916389465332e-01,0.000000000000000000e+00
8.749393224716186523e-01,3.718083500862121582e-01,0.000000000000000000e+00
1.846528410911560059e+00,5.487082898616790771e-02,1.000000000000000000e+00
-7.754546999931335449e-01,5.540764331817626953e-01,0.000000000000000000e+00
1.839527487754821777e-01,-6.247348710894584656e-02,1.000000000000000000e+00
2.234783619642257690e-01,-2.158627957105636597e-01,1.000000000000000000e+00
1.004329085350036621e+00,-6.198949813842773438e-01,1.000000000000000000e+00
9.965972900390625000e-01,-5.596217513084411621e-01,1.000000000000000000e+00
1.008654117584228516e+00,1.801186203956604004e-01,0.000000000000000000e+00
-6.746998429298400879e-02,2.305051833391189575e-01,1.000000000000000000e+00
2.061001300811767578e+00,3.960143625736236572e-01,1.000000000000000000e+00
9.416598081588745117e-01,2.761788964271545410e-01,0.000000000000000000e+00
-5.894412398338317871e-01,8.826265335083007812e-01,0.000000000000000000e+00
-9.425502419471740723e-01,-2.619973151013255119e-03,0.000000000000000000e+00
-3.585300445556640625e-01,8.426179885864257812e-01,0.000000000000000000e+00
1.849609732627868652e+00,-2.293593809008598328e-02,1.000000000000000000e+00
1.914388388395309448e-01,9.773647189140319824e-01,0.000000000000000000e+00
-2.561037801206111908e-02,3.953381776809692383e-01,1.000000000000000000e+00
6.420466303825378418e-01,6.633019447326660156e-01,0.000000000000000000e+00
9.386873841285705566e-01,2.347233593463897705e-01,0.000000000000000000e+00
4.818781614303588867e-01,-3.305870294570922852e-01,1.000000000000000000e+00
1.632365226745605469e+00,-2.283537089824676514e-01,1.000000000000000000e+00
8.909551501274108887e-01,9.637557715177536011e-02,0.000000000000000000e+00
-6.916239112615585327e-02,1.766159832477569580e-01,1.000000000000000000e+00
9.209491610527038574e-01,5.098189115524291992e-01,0.000000000000000000e+00
1.610421776771545410e+00,-2.745889425277709961e-01,1.000000000000000000e+00
1.717494368553161621e+00,-2.244829535484313965e-01,1.000000000000000000e+00
-5.465021133422851562e-01,8.399209380149841309e-01,0.000000000000000000e+00
-6.427158713340759277e-01,7.564191818237304688e-01,0.000000000000000000e+00
2.587946355342864990e-01,-2.271113246679306030e-01,1.000000000000000000e+00
1.586416125297546387e+00,-3.081288337707519531e-01,1.000000000000000000e+00
2.212984859943389893e-01,-1.217105835676193237e-01,1.000000000000000000e+00
4.061440229415893555e-01,-3.287827074527740479e-01,1.000000000000000000e+00
1.979737281799316406e+00,8.315130323171615601e-02,1.000000000000000000e+00
-4.533264636993408203e-01,8.677874803543090820e-01,0.000000000000000000e+00
-5.414160490036010742e-01,9.746810793876647949e-01,0.000000000000000000e+00
9.703698754310607910e-01,-5.578863024711608887e-01,1.000000000000000000e+00
1.377960085868835449e+00,-4.112669825553894043e-01,1.000000000000000000e+00
-6.713042259216308594e-01,6.453018188476562500e-01,0.000000000000000000e+00
1.611278891563415527e+00,-2.405608147382736206e-01,1.000000000000000000e+00
5.059389472007751465e-01,-3.346435427665710449e-01,1.000000000000000000e+00
3.392984271049499512e-01,-2.765971124172210693e-01,1.000000000000000000e+00
-3.211624175310134888e-02,9.895194768905639648e-01,0.000000000000000000e+00
1.050491333007812500e+00,1.342348903417587280e-01,0.000000000000000000e+00
-3.338704630732536316e-02,2.217852622270584106e-01,1.000000000000000000e+00
1.305334806442260742e+00,-3.811195790767669678e-01,1.000000000000000000e+00
5.803659558296203613e-01,7.823095321655273438e-01,0.000000000000000000e+00
-2.936190962791442871e-01,9.517602324485778809e-01,0.000000000000000000e+00
-9.749898910522460938e-01,1.424986869096755981e-01,0.000000000000000000e+00
3.759588301181793213e-01,-3.926229774951934814e-01,1.000000000000000000e+00
2.014921903610229492e+00,4.350805878639221191e-01,1.000000000000000000e+00
7.102820873260498047e-01,6.988846659660339355e-01,0.000000000000000000e+00
8.218328356742858887e-01,6.317715048789978027e-01,0.000000000000000000e+00
2.402888685464859009e-01,-2.431423515081405640e-01,1.000000000000000000e+00
-1.454919576644897461e-01,9.522106051445007324e-01,0.000000000000000000e+00
1.578407287597656250e+00,-3.008509874343872070e-01,1.000000000000000000e+00
-8.118963837623596191e-01,5.291683077812194824e-01,0.000000000000000000e+00
-7.340896129608154297e-01,6.420506834983825684e-01,0.000000000000000000e+00
3.766293823719024658e-02,2.699238657951354980e-01,1.000000000000000000e+00
1.170234680175781250e+00,-4.767799973487854004e-01,1.000000000000000000e+00
1.863283514976501465e+00,-8.690955117344856262e-03,1.000000000000000000e+00
-8.835116624832153320e-01,3.431761860847473145e-01,0.000000000000000000e+00
-9.358423352241516113e-01,2.382147014141082764e-01,0.000000000000000000e+00
1.905426979064941406e+00,-1.519765257835388184e-01,1.000000000000000000e+00
1.974894285202026367e+00,1.227604895830154419e-01,1.000000000000000000e+00
9.485547542572021484e-01,-5.610516071319580078e-01,1.000000000000000000e+00
6.173283457756042480e-01,-3.543297946453094482e-01,1.000000000000000000e+00
2.990892231464385986e-01,-2.380513250827789307e-01,1.000000000000000000e+00
-9.536736607551574707e-01,2.475409358739852905e-01,0.000000000000000000e+00
1.105309724807739258e+00,-4.672680497169494629e-01,1.000000000000000000e+00
9.767004251480102539e-01,-4.583230614662170410e-01,1.000000000000000000e+00
-7.607388496398925781e-01,6.437927484512329102e-01,0.000000000000000000e+00
1.678440451622009277e+00,-2.001777589321136475e-01,1.000000000000000000e+00
2.089646100997924805e+00,5.111977458000183105e-01,1.000000000000000000e+00
6.363666653633117676e-01,-4.907594621181488037e-01,1.000000000000000000e+00
2.396138012409210205e-01,-4.369378462433815002e-02,1.000000000000000000e+00
-7.324780225753784180e-01,6.095355153083801270e-01,0.000000000000000000e+00
1.760629177093505859e+00,-1.645072698593139648e-01,1.000000000000000000e+00
1.948387503623962402e+00,3.109814822673797607e-01,1.000000000000000000e+00
9.412848353385925293e-01,3.392788171768188477e-01,0.000000000000000000e+00
1.244640275835990906e-01,1.053727030754089355e+00,0.000000000000000000e+00
1.112197160720825195e+00,-5.010192990303039551e-01,1.000000000000000000e+00
-9.781422019004821777e-01,3.239655196666717529e-01,0.000000000000000000e+00
3.594467043876647949e-02,2.997910380363464355e-01,1.000000000000000000e+00
-9.159395098686218262e-01,3.336991667747497559e-01,0.000000000000000000e+00
5.503111984580755234e-03,1.013929486274719238e+00,0.000000000000000000e+00
-9.338811039924621582e-01,4.415477216243743896e-01,0.000000000000000000e+00
6.605825424194335938e-01,-4.617176949977874756e-01,1.000000000000000000e+00
3.371084928512573242e-01,9.537140727043151855e-01,0.000000000000000000e+00
1.952811956405639648e+00,2.255233228206634521e-01,1.000000000000000000e+00
-8.826306462287902832e-01,3.242285549640655518e-01,0.000000000000000000e+00
1.046783447265625000e+00,6.362643092870712280e-02,0.000000000000000000e+00
6.882710456848144531e-01,6.989704370498657227e-01,0.000000000000000000e+00
3.819246543571352959e-03,1.022621750831604004e+00,0.000000000000000000e+00
-2.803415358066558838e-01,9.894936084747314453e-01,0.000000000000000000e+00
6.139402277767658234e-03,1.845401227474212646e-01,1.000000000000000000e+00
9.921053647994995117e-01,6.072464212775230408e-02,0.000000000000000000e+00
1.990110754966735840e+00,3.378421664237976074e-01,1.000000000000000000e+00
8.345448374748229980e-01,5.651412606239318848e-01,0.000000000000000000e+00
-2.065831050276756287e-02,2.869686484336853027e-01,1.000000000000000000e+00
6.315020322799682617e-01,7.672789692878723145e-01,0.000000000000000000e+00
1.288129806518554688e+00,-4.566571712493896484e-01,1.000000000000000000e+00
1.102706074714660645e+00,-5.189383029937744141e-01,1.000000000000000000e+00
1.213404417037963867e+00,-4.969117343425750732e-01,1.000000000000000000e+00
5.397040247917175293e-01,-3.267062306404113770e-01,1.000000000000000000e+00
1.857531905174255371e+00,2.770099341869354248e-01,1.000000000000000000e+00
1.466983437538146973e+00,-3.319756388664245605e-01,1.000000000000000000e+00
-9.651327729225158691e-01,2.361940741539001465e-01,0.000000000000000000e+00
9.118024110794067383e-01,-5.203197002410888672e-01,1.000000000000000000e+00
-1.022926047444343567e-01,9.899556040763854980e-01,0.000000000000000000e+00
5.138533711433410645e-01,7.679885625839233398e-01,0.000000000000000000e+00
2.003925323486328125e+00,3.964049220085144043e-01,1.000000000000000000e+00
1.544285178184509277e+00,-2.703021168708801270e-01,1.000000000000000000e+00
-4.211856797337532043e-02,9.423341155052185059e-01,0.000000000000000000e+00
1.393412202596664429e-01,1.017659664154052734e+00,0.000000000000000000e+00
-4.073503315448760986e-01,8.405416607856750488e-01,0.000000000000000000e+00
3.380629420280456543e-01,9.283639192581176758e-01,0.000000000000000000e+00
1.684626698493957520e+00,-1.599185615777969360e-01,1.000000000000000000e+00
1.063493609428405762e+00,-5.515195727348327637e-01,1.000000000000000000e+00
1.163603305816650391e+00,-4.717585146427154541e-01,1.000000000000000000e+00
4.831018149852752686e-01,9.515075683593750000e-01,0.000000000000000000e+00
7.841558456420898438e-01,-4.952884018421173096e-01,1.000000000000000000e+00
-8.662309050559997559e-01,5.197716951370239258e-01,0.000000000000000000e+00
-4.480613570194691420e-04,-1.065834909677505493e-01,1.000000000000000000e+00
2.869345843791961670e-01,9.639785289764404297e-01,0.000000000000000000e+00
6.066243052482604980e-01,-5.516589879989624023e-01,1.000000000000000000e+00
1.512308597564697266e+00,-3.279704451560974121e-01,1.000000000000000000e+00
1.797575831413269043e+00,7.243964355438947678e-03,1.000000000000000000e+00
6.370402872562408447e-02,1.029881715774536133e+00,0.000000000000000000e+00
-3.404569998383522034e-02,9.397949576377868652e-01,0.000000000000000000e+00
1.180802509188652039e-01,-5.600095540285110474e-02,1.000000000000000000e+00
7.211272120475769043e-01,6.815114617347717285e-01,0.000000000000000000e+00
1.522406488656997681e-01,1.074721932411193848e+00,0.000000000000000000e+00
1.951427936553955078e+00,1.308745443820953369e-01,1.000000000000000000e+00
1.269242048263549805e+00,-3.737943768501281738e-01,1.000000000000000000e+00
2.237028032541275024e-01,-8.135224133729934692e-02,1.000000000000000000e+00
9.863996505737304688e-01,-5.209083557128906250e-01,1.000000000000000000e+00
7.209154963493347168e-01,7.266915440559387207e-01,0.000000000000000000e+00
1.530287265777587891e+00,-4.304313659667968750e-01,1.000000000000000000e+00
6.168226599693298340e-01,7.948343157768249512e-01,0.000000000000000000e+00
7.472133040428161621e-01,-4.960348010063171387e-01,1.000000000000000000e+00
-7.415566444396972656e-01,7.276645898818969727e-01,0.000000000000000000e+00
7.515553236007690430e-01,-4.854752421379089355e-01,1.000000000000000000e+00
5.631458759307861328e-01,-3.529693186283111572e-01,1.000000000000000000e+00
6.808152794837951660e-01,6.023523211479187012e-01,0.000000000000000000e+00
-8.369697928428649902e-01,4.451950788497924805e-01,0.000000000000000000e+00
7.832138538360595703e-01,-4.469712674617767334e-01,1.000000000000000000e+00
3.467472735792398453e-03,1.763581633567810059e-01,1.000000000000000000e+00
1.272010326385498047e+00,-5.070311427116394043e-01,1.000000000000000000e+00
-9.943493604660034180e-01,3.124842047691345215e-02,0.000000000000000000e+00
3.962733224034309387e-02,1.786653697490692139e-01,1.000000000000000000e+00
-1.004940986633300781e+00,4.883933812379837036e-03,0.000000000000000000e+00
-7.601780295372009277e-01,6.390572786331176758e-01,0.000000000000000000e+00
1.034437537193298340e+00,1.051489338278770447e-01,0.000000000000000000e+00
1.927132606506347656e+00,1.226360425353050232e-01,1.000000000000000000e+00
